et	46978
la	25897
il	24899
de	24626
li	22954
que	22254
a	20157
ne	17957
si	15575
en	13530
l	13419
qui	12375
le	10395
se	9946
an	9833
vos	9548
est	9301
nest	9301
lest	9301
les	8875
par	8112
n	7582
ce	7396
s	6924
por	6652
i	6490
qu	6001
na	5853
à	5717
ou	4825
mout	4812
son	4528
d	4444
lo	4209
bien	4023
au	4019
tant	3945
car	3913
je	3771
cil	3741
ele	3592
ge	3591
fu	3581
mes	3580
sa	3471
lor	3286
plus	3257
des	3165
me	3098
lui	3081
estoit	3044
nestoit	3044
lestoit	3044
avoit	2886
navoit	2886
lavoit	2886
un	2818
une	2724
m	2722
ja	2642
ses	2595
nos	2536
mais	2477
qant	2435
autre	2379
ot	2286
not	2279
lot	2279
com	2217
quant	2213
pas	2203
sont	2198
tu	2187
del	2138
devant	2016
toz	1944
tot	1923
soit	1923
as	1896
or	1890
qe	1859
ont	1774
lont	1764
nont	1763
lors	1761
mie	1692
lai	1687
moi	1657
ai	1648
nai	1644
qi	1636
q	1558
puis	1433
mon	1412
nostre	1391
sanz	1375
sor	1375
vostre	1353
el	1337
tel	1296
tuit	1293
cele	1288
o	1288
autres	1252
aprés	1248
ma	1196
onques	1179
uns	1138
sunt	1123
ceste	1108
celui	1079
ces	1079
dont	1073
fust	1066
e	1038
ci	1031
c	1025
tote	1014
nus	988
estoient	951
nestoient	951
lestoient	951
te	938
nule	919
furent	904
avez	866
navez	866
lavez	866
cest	858
avant	841
vers	837
totes	828
fors	821
es	797
leur	790
trop	764
nul	759
on	741
non	710
tost	688
cui	685
nel	680
rien	677
ainz	670
con	669
dou	662
ait	655
nait	655
lait	655
sera	645
contre	643
aus	637
noz	625
molt	625
conme	612
sui	610
pour	596
do	563
comme	552
coi	548
lou	546
vous	545
tout	539
cel	534
avoient	534
navoient	534
lavoient	534
certes	533
j	517
cist	511
sus	511
assez	506
soient	500
quel	486
atant	478
t	478
ensi	474
come	470
iert	460
niert	460
liert	460
einz	439
entre	433
lez	406
hors	399
avra	397
navra	397
lavra	397
las	390
nas	388
ert	387
nert	387
lert	387
aucune	383
ta	382
maintenant	378
toi	371
eles	368
pres	367
parmi	367
aucuns	367
don	365
nes	363
ton	356
comment	354
autrui	351
autresi	349
orent	349
norent	349
lorent	349
jusqu	347
avons	340
navons	340
lavons	340
desus	339
chascuns	331
cels	331
eüst	322
neüst	322
leüst	322
tex	314
chascun	314
seroit	312
meïsmes	306
dedenz	304
estes	303
tantost	303
donc	298
toutes	294
nestes	292
lestes	292
ceus	290
nous	289
encontre	285
volentiers	277
iestes	274
niestes	274
liestes	274
aucun	273
ensamble	272
touz	270
antre	269
mies	267
ke	267
hui	265
dedanz	265
po	265
seront	261
quoi	259
ancor	253
où	250
al	249
jusque	243
paz	241
encore	240
soi	239
du	239
tes	238
ça	237
point	235
riens	235
mult	235
meismes	232
eus	229
ausi	228
voz	227
celz	225
avoec	224
outre	221
ore	217
selonc	214
tres	212
desoz	209
mialz	204
maiz	201
issi	199
comant	197
miauz	196
arriere	195
avoie	195
navoie	195
lavoie	195
ki	195
suen	194
fut	189
suis	188
seur	188
laianz	187
mien	186
tous	183
devers	182
mains	178
encor	177
trestot	174
dom	174
sel	169
toute	169
petit	168
em	165
ores	163
oïl	163
quar	161
ansanble	159
fussent	159
envers	159
avec	159
elle	158
tele	156
einsi	155
mi	155
soiez	154
mar	154
desor	153
ançois	153
moult	152
pluz	152
somes	150
jus	149
soe	149
maint	148
ains	148
aient	147
naient	147
laient	147
g	146
delez	146
volantiers	144
am	143
els	143
gel	141
voir	140
avroiz	139
navroiz	139
lavroiz	139
coment	139
ax	138
avoc	138
aiez	135
naiez	135
laiez	135
quanque	134
cez	133
avroit	133
navroit	133
lavroit	133
demain	132
ancontre	130
soz	129
serai	128
onqes	128
enmi	127
k	126
vus	126
loing	124
celi	124
trestoz	123
gaires	123
quex	121
neant	121
eust	121
neust	121
leust	121
iluec	119
fui	119
ici	118
arrieres	118
amont	118
sur	118
sans	116
sez	116
là	116
davant	116
jel	115
naie	115
aval	115
meisme	115
deu	115
adonc	114
qoi	113
celes	112
mal	111
maintes	110
cestui	109
soie	109
sovant	109
poi	109
autresin	109
ainsi	108
avrai	108
navrai	108
lavrai	108
porce	108
plusors	106
anz	106
trestuit	106
ensin	106
asez	105
moie	105
chascune	104
sovent	103
aussi	103
neporqant	102
jo	102
antor	100
seroiz	99
aie	98
laie	98
no	97
ansi	96
einçois	94
avront	94
navront	94
lavront	94
meesmes	94
leurs	94
pluseurs	93
lour	93
neporquant	91
aucunz	91
dons	89
après	88
defors	87
oi	87
tozjorz	87
onc	87
tut	87
u	86
mès	86
androit	85
gié	85
ensemble	85
porquant	85
sun	85
noi	84
loi	84
fusse	84
dedens	84
nenil	83
desouz	83
dez	83
pou	82
ez	81
quer	81
dés	81
erent	80
nerent	80
lerent	80
jusq	80
estoie	80
nestoie	80
lestoie	80
itant	79
entr	79
endroit	79
hé	79
meimes	79
cum	79
tresq	79
pluiseurs	79
suens	78
quanqu	78
unes	77
avonz	77
navonz	77
lavonz	77
pur	77
mainte	76
autretant	75
aüst	75
naüst	75
laüst	75
mainz	75
matin	75
at	75
nat	75
lat	75
voire	74
ceanz	74
orandroit	74
auques	73
donques	72
y	72
conment	72
eüsse	71
neüsse	71
leüsse	71
illuec	71
meintenant	71
adés	70
jamais	70
quele	68
leanz	68
icele	68
pource	68
sien	67
ice	66
entor	65
seroie	64
tart	64
autretel	64
avés	64
navés	64
lavés	64
nuz	64
lur	64
ençois	63
encores	63
ies	62
nies	62
lies	62
celle	62
einsint	61
aussint	61
contreval	60
miens	60
icil	60
noiant	60
nules	59
çaianz	59
qanque	59
elz	58
avocques	57
meismez	57
fussient	56
moins	55
espoir	55
fustes	55
ço	55
environ	54
apréz	54
tante	54
chiés	53
avoies	53
navoies	53
lavoies	53
ier	53
ques	53
autant	52
antr	52
neïs	51
atot	51
ainçois	51
haut	51
dehors	51
estoies	51
nestoies	51
lestoies	51
estiez	50
nestiez	50
lestiez	50
jamés	50
ad	50
quelque	49
vostres	49
orendroit	49
aillors	48
fus	48
jadis	48
commant	48
juque	48
mez	48
mielz	47
ancores	47
anmi	47
noient	47
rienz	47
nou	47
trestote	46
anviron	46
aies	46
naies	46
laies	46
anuit	46
kar	46
fussiez	46
aucunes	46
sen	46
nad	46
lad	46
seroient	45
elez	45
pardevant	45
dessus	45
avras	44
navras	44
lavras	44
pis	44
loign	44
né	44
bel	43
ie	43
avroie	42
navroie	42
lavroie	42
contremont	41
nuns	41
sens	41
plusor	40
serons	40
ceianz	40
cis	40
meis	40
nelui	39
arriers	39
enuit	39
enz	39
derechief	39
autrez	39
meintes	39
ceu	38
elles	38
solonc	38
out	38
nout	38
lout	38
altre	38
mun	38
aurai	38
naurai	38
laurai	38
iqui	37
iere	37
niere	37
liere	37
desi	37
totevoies	37
mas	37
unz	37
tieus	37
més	37
combien	36
ainsiz	36
ens	36
soies	35
tels	35
avoques	35
che	35
assés	35
quels	35
cent	35
net	35
let	35
icel	35
per	35
ceux	35
derriere	34
telz	34
nulle	34
dunt	34
itel	33
seras	33
meïsme	33
autel	33
siens	33
aura	33
naura	33
laura	33
unt	33
meint	32
quiex	32
tanz	32
contraval	32
apres	32
ancui	32
anvers	32
ariere	32
celez	32
nen	32
vo	32
eüssent	31
neüssent	31
leüssent	31
fort	31
senz	31
seue	31
mei	31
nunt	31
lunt	31
aviez	30
naviez	30
laviez	30
ansenble	30
toutez	30
auront	30
nauront	30
lauront	30
çaus	30
adont	30
loig	29
nostres	29
chier	29
seit	29
avriez	28
navriez	28
lavriez	28
derriers	28
souz	28
ancore	27
ui	27
om	27
seiez	27
jusques	27
desous	27
sauf	27
desuz	27
deseure	27
ensenble	26
teil	26
serez	26
fusses	25
cesti	25
estre	25
dela	25
iceste	25
arieres	25
pieç	25
eüssiez	25
neüssiez	25
leüssiez	25
um	25
neis	25
suz	25
aux	25
nïent	25
tuz	25
très	25
jai	25
gueres	24
fumes	24
lués	24
haï	24
teles	24
avrons	24
navrons	24
lavrons	24
nului	24
sil	24
eussent	24
neussent	24
leussent	24
ensus	24
eux	24
trestout	24
od	24
deça	23
oltre	23
soes	23
ansin	23
ti	23
avera	23
navera	23
lavera	23
adonques	22
sore	22
rechief	22
queque	22
mervoilles	22
avroient	22
navroient	22
lavroient	22
chacuns	22
niant	22
maugré	22
ainsis	22
icest	22
amen	22
é	22
joste	22
teus	22
mieuz	22
iés	21
niés	21
liés	21
qel	21
derrieres	21
tos	21
conbien	21
selon	21
pluisors	21
ausint	21
dès	21
ladite	21
anquenuit	20
isi	20
totevoie	20
avrez	20
navrez	20
lavrez	20
jusc	20
certaine	20
quan	20
çax	20
altres	20
deci	20
desk	20
sis	20
auroit	20
nauroit	20
lauroit	20
desque	20
seis	20
main	19
enviz	19
soef	19
totesvoies	19
autressi	19
ausinc	19
ainc	19
tousjours	19
quë	19
lé	19
﻿par	19
jamès	19
plux	19
jemais	19
néant	19
hier	18
seriez	18
merveilles	18
estions	18
nestions	18
lestions	18
for	18
aions	18
naions	18
laions	18
pieça	18
sempres	18
derechef	18
leis	18
desuis	18
dois	18
neiant	17
contramont	17
primes	17
ainsinc	17
miex	17
san	17
souvent	17
sei	17
jouste	17
desore	16
dejoste	16
tantes	16
eu	16
chi	16
ariés	16
certainne	16
certain	16
çou	16
près	16
trestut	16
melz	16
ceaus	16
dos	16
lores	15
ere	15
nere	15
lere	15
avoi	15
annuit	15
ilueques	15
atout	15
puiz	15
totez	15
soiés	15
tez	15
mut	15
nequedent	15
dementieres	15
meins	15
trestous	15
premier	15
jes	14
trestotes	14
auquant	14
ensins	14
aveques	14
qancque	14
pluseur	14
menu	14
oil	14
nient	14
ensanble	14
aucunne	14
çà	14
eusses	14
neusses	14
leusses	14
deseur	14
seulonc	14
moy	14
seure	14
tei	14
partout	14
bin	14
ann	14
eaus	14
ansinc	14
quaus	14
eüstes	13
neüstes	13
leüstes	13
huimés	13
avecques	13
soions	13
eut	13
neut	13
leut	13
teue	13
premiers	13
avuec	13
chacun	13
arrier	13
unques	13
tun	13
co	13
sous	13
ceo	13
uos	13
tuens	12
so	12
ansemble	12
ges	12
qanqu	12
chil	12
petitet	12
eustes	12
neustes	12
leustes	12
auec	12
icelle	12
eusse	12
neusse	12
leusse	12
averai	12
naverai	12
laverai	12
adonqes	12
neqedent	12
dedans	12
sumes	12
éust	12
néust	12
léust	12
errant	12
einsinc	12
deuant	12
qex	11
eüssient	11
neüssient	11
leüssient	11
meïmes	11
seriens	11
queles	11
votre	11
toutevoies	11
icist	11
jehui	11
avions	11
navions	11
lavions	11
qanz	11
unez	11
anqui	11
tans	11
ultre	11
qele	11
quanq	11
miels	11
metenant	11
tuen	10
neanz	10
soir	10
travers	10
buer	10
gehui	10
meinz	10
itex	10
espooir	10
encorres	10
laiens	10
chou	10
cheste	10
deriere	10
aüssiez	10
naüssiez	10
laüssiez	10
outremer	10
estroit	10
ailleurs	10
averoit	10
naveroit	10
laveroit	10
neus	10
leus	10
ierent	10
nierent	10
lierent	10
arier	10
aroit	10
naroit	10
laroit	10
ovec	10
maitenant	10
ia	10
tute	10
quei	10
sue	10
sour	10
derrier	10
sons	10
jeo	10
ount	10
nount	10
lount	10
seroies	9
ancoste	9
toe	9
fussiens	9
orainz	9
andemantiers	9
ç	9
autresins	9
lei	9
voires	9
moies	9
estiens	9
nestiens	9
lestiens	9
serés	9
dariés	9
darriers	9
ciz	9
dusque	9
fuissent	9
ices	9
az	9
ilec	9
asseiz	9
avoeques	9
eüsses	9
neüsses	9
leüsses	9
ay	9
nay	9
lay	9
entour	9
uncore	9
averont	9
naveront	9
laveront	9
tan	9
pluiseur	9
oncor	9
aveuc	9
ans	9
aurez	9
naurez	9
laurez	9
desour	9
notre	9
hai	9
tourjorz	9
çai	9
mui	9
ceites	9
laienz	8
ansus	8
tiex	8
quiconques	8
avomes	8
navomes	8
lavomes	8
encui	8
iceles	8
qancqu	8
serra	8
diva	8
arsoir	8
preu	8
laïssus	8
cex	8
jou	8
cler	8
aüssient	8
naüssient	8
laüssient	8
celles	8
lequel	8
ni	8
tien	8
quil	8
nouz	8
chascunne	8
presque	8
devent	8
eissi	8
peu	8
telle	8
ent	8
nun	8
mis	8
demein	8
lendemein	8
trestoute	8
léans	8
futes	8
sainz	8
tresqu	7
avroies	7
navroies	7
lavroies	7
meesme	7
ansamble	7
anviz	7
arrierres	7
quanz	7
tozjors	7
oe	7
biens	7
totjorz	7
bas	7
hee	7
nulles	7
icelui	7
qar	7
aiés	7
naiés	7
laiés	7
aucunez	7
meesmez	7
quelz	7
certainnes	7
diz	7
hersoir	7
tresc	7
aras	7
naras	7
laras	7
illec	7
ilz	7
quoy	7
avon	7
navon	7
lavon	7
he	7
serras	7
meie	7
dunc	7
meuz	7
amunt	7
selunc	7
tresqe	7
qanq	7
sarai	7
ceenz	7
parfont	7
oncore	7
huimès	7
lu	7
saient	7
entreci	7
pormi	7
léanz	7
auqune	7
joute	7
uostre	7
antretant	6
ausins	6
antan	6
oncques	6
darrieres	6
ensinc	6
aviens	6
naviens	6
laviens	6
loin	6
ei	6
laïs	6
ersoir	6
neianz	6
ausin	6
oï	6
oie	6
laïsus	6
cort	6
aüstes	6
naüstes	6
laüstes	6
esteiez	6
nesteiez	6
lesteiez	6
cestes	6
dusqu	6
certains	6
toie	6
vouz	6
aroient	6
naroient	6
laroient	6
euz	6
fussez	6
quequ	6
antreset	6
gueires	6
avreiez	6
navreiez	6
lavreiez	6
anson	6
nïant	6
tresk	6
ben	6
auroiz	6
nauroiz	6
lauroiz	6
adès	6
méisme	6
méismes	6
aust	6
naust	6
laust	6
soy	6
eümes	6
neümes	6
leümes	6
mou	6
auant	6
ches	6
enver	6
davan	6
oan	5
elués	5
ouan	5
ansins	5
enjusque	5
cant	5
endemantiers	5
atote	5
fi	5
orrandroit	5
nei	5
aüsse	5
naüsse	5
laüsse	5
auqes	5
sommes	5
chertes	5
sos	5
chis	5
chele	5
chelui	5
ancorres	5
tiens	5
aüse	5
naüse	5
laüse	5
avroiez	5
navroiez	5
lavroiez	5
anjusque	5
soiens	5
nuls	5
quand	5
aprez	5
telez	5
parce	5
malgré	5
unne	5
ceuz	5
dusques	5
quanques	5
ten	5
icels	5
devan	5
laquele	5
eüs	5
neüs	5
leüs	5
enprés	5
demenois	5
antresait	5
eit	5
neit	5
leit	5
icés	5
vn	5
cy	5
cellui	5
delés	5
afin	5
tresbien	5
lassus	5
deçà	5
quelle	5
aront	5
naront	5
laront	5
derier	5
feüst	5
tutes	5
jol	5
men	5
avum	5
navum	5
lavum	5
hum	5
encuntre	5
desur	5
ver	5
serroit	5
queus	5
nonporqant	5
cascuns	5
qieus	5
ensint	5
atre	5
fud	5
auons	5
nauons	5
lauons	5
ils	5
kant	5
fuissiés	5
lés	5
longues	5
ciaus	5
lon	5
cascun	5
pus	5
apriés	5
dalés	5
serois	5
éussent	5
néussent	5
léussent	5
souavet	5
çaux	5
menois	5
éut	5
néut	5
léut	5
saroit	5
saront	5
auoit	5
nauoit	5
lauoit	5
ex	5
queil	5
tretoz	5
saus	5
item	5
sey	5
quau	5
avers	4
demantres	4
lessus	4
illoc	4
hore	4
encorre	4
neient	4
endementieres	4
aiens	4
naiens	4
entredeus	4
itele	4
autrefoiz	4
noianz	4
aüsses	4
naüsses	4
laüsses	4
volontiers	4
ausis	4
lasus	4
prés	4
portant	4
laquelle	4
autreci	4
oit	4
noit	4
loit	4
liquelz	4
quicumques	4
autretex	4
mieulz	4
leissus	4
demanois	4
estera	4
nestera	4
lestera	4
ell	4
dë	4
fusmes	4
ara	4
nara	4
lara	4
helas	4
oultre	4
soumes	4
tou	4
soue	4
derere	4
averez	4
naverez	4
laverez	4
averas	4
naveras	4
laveras	4
tis	4
sure	4
kis	4
nis	4
aveit	4
naveit	4
laveit	4
serrez	4
ainceis	4
unkes	4
tresce	4
souef	4
miuz	4
qeles	4
auroient	4
nauroient	4
lauroient	4
cette	4
vne	4
encoir	4
mieus	4
jeu	4
maix	4
james	4
laquel	4
auras	4
nauras	4
lauras	4
ileuc	4
aurés	4
naurés	4
laurés	4
canque	4
éussiés	4
néussiés	4
léussiés	4
trestouz	4
eusiez	4
neusiez	4
leusiez	4
sampres	4
hont	4
tretout	4
onq	4
cete	4
oncores	4
avom	4
navom	4
lavom	4
rés	4
qué	4
contravaul	4
elas	4
céanz	4
qués	4
tieu	4
aveiz	4
naveiz	4
laveiz	4
coume	4
juqu	4
juques	4
juskes	4
chiaus	4
deanz	4
plusours	4
quez	4
tojorz	4
chasqu	4
devenz	4
celu	4
chescune	4
seroent	4
dessouz	4
furet	4
chaquns	4
lidiz	4
enuers	4
desqu	3
noauz	3
chasque	3
atotes	3
eneslopas	3
quancqu	3
meemes	3
illuecques	3
quancque	3
endementiers	3
einsin	3
avrei	3
navrei	3
lavrei	3
cheus	3
anchois	3
cheli	3
derrierres	3
autreteles	3
lonc	3
basset	3
antredeus	3
avoiez	3
navoiez	3
lavoiez	3
ansis	3
illueques	3
ariers	3
mo	3
icelles	3
bon	3
ant	3
desci	3
tandis	3
asavoir	3
icelez	3
liquel	3
derrenier	3
meimez	3
suenz	3
toiez	3
siue	3
chascunz	3
cestez	3
devanz	3
jadiz	3
acune	3
icelz	3
asséz	3
mesme	3
eulz	3
seues	3
dans	3
acun	3
leu	3
devans	3
certaines	3
conmant	3
icez	3
aul	3
pardesus	3
ourent	3
nourent	3
lourent	3
adon	3
premerains	3
quieus	3
gaire	3
iusques	3
së	3
aviés	3
naviés	3
laviés	3
jë	3
sicom	3
delà	3
illeuc	3
goute	3
dessoz	3
fuz	3
bie	3
unc	3
averunt	3
naverunt	3
laverunt	3
envirun	3
treske	3
cun	3
halt	3
feust	3
entur	3
serront	3
aveuqes	3
cha	3
ast	3
nast	3
last	3
mentenant	3
illuc	3
to	3
averat	3
naverat	3
laverat	3
pries	3
leenz	3
fuisse	3
biau	3
avïez	3
navïez	3
lavïez	3
hay	3
keil	3
trés	3
ju	3
iceus	3
avuns	3
navuns	3
lavuns	3
aincois	3
aurons	3
naurons	3
laurons	3
sara	3
pes	3
amprés	3
sou	3
antresi	3
enn	3
ost	3
nost	3
lost	3
ansois	3
iluques	3
ainsint	3
avion	3
navion	3
lavion	3
comne	3
emprés	3
euïst	3
neuïst	3
leuïst	3
autele	3
taunt	3
dount	3
eirt	3
neirt	3
leirt	3
soué	3
tantot	3
ainzçois	3
moïmes	3
delai	3
fusent	3
onque	3
ole	3
avaul	3
lesqueles	3
qiex	3
heu	3
asses	3
fuer	3
aürent	3
naürent	3
laürent	3
avoent	3
navoent	3
lavoent	3
davent	3
autru	3
serient	3
haie	3
nhaie	3
lhaie	3
nom	3
arreiz	3
chescun	3
dessuz	3
avent	3
quelconque	3
cetes	3
quaucumque	3
riere	3
awec	3
ledit	3
quelquel	3
iceli	3
puer	3
anprés	2
noaus	2
ors	2
aut	2
souciel	2
aimoit	2
endementres	2
otot	2
issis	2
quelqe	2
darriere	2
endemantres	2
aluec	2
moin	2
entaimmes	2
otote	2
jusqe	2
lore	2
ietes	2
nietes	2
lietes	2
seiens	2
ensorquetot	2
otre	2
adanz	2
som	2
assoir	2
atoz	2
endemain	2
chaiens	2
chestui	2
ch	2
desos	2
quantes	2
ototes	2
espés	2
suem	2
pais	2
tanqanz	2
sanpres	2
juqe	2
iloc	2
soiom	2
autresint	2
alués	2
qelque	2
tanqan	2
qantes	2
totesvoie	2
derriés	2
arriés	2
ensis	2
seromes	2
cet	2
aüsent	2
naüsent	2
laüsent	2
ly	2
alueques	2
alors	2
autretele	2
bienz	2
tés	2
entres	2
ellez	2
voirs	2
déz	2
ceroit	2
chascunes	2
cellez	2
nà	2
seuez	2
donz	2
aionz	2
naionz	2
laionz	2
propre	2
sienz	2
pars	2
auquel	2
avraz	2
navraz	2
lavraz	2
prez	2
autri	2
autretés	2
sele	2
avoiees	2
navoiees	2
lavoiees	2
sauve	2
novel	2
quelqu	2
mesle	2
seviax	2
decoste	2
hu	2
aveiez	2
naveiez	2
laveiez	2
autr	2
ceisus	2
andemantre	2
avromes	2
navromes	2
lavromes	2
diverses	2
adons	2
nequedant	2
dusc	2
illeuk	2
chieus	2
estien	2
nestien	2
lestien	2
plusieurs	2
duquel	2
envis	2
voulentiers	2
excepté	2
arés	2
narés	2
larés	2
pourquoi	2
nullui	2
arai	2
narai	2
larai	2
alleurs	2
icy	2
ceulx	2
estois	2
nestois	2
lestois	2
checuns	2
volenters	2
ensurketut	2
jesk	2
cuntre	2
ove	2
dementiers	2
idunc	2
tus	2
endreit	2
purquei	2
iloec	2
serrai	2
cume	2
urent	2
nurent	2
lurent	2
presqe	2
pluisor	2
meinte	2
auqant	2
ilueqes	2
qanc	2
ale	2
dé	2
set	2
hun	2
dementier	2
vners	2
seu	2
és	2
estoyent	2
nestoyent	2
lestoyent	2
guieres	2
quelques	2
auoient	2
nauoient	2
lauoient	2
seriés	2
estiés	2
nestiés	2
lestiés	2
avrïez	2
navrïez	2
lavrïez	2
iteil	2
pués	2
aveis	2
naveis	2
laveis	2
aisseis	2
nonporquant	2
ançoiz	2
lanque	2
ons	2
nulz	2
atrui	2
aviiez	2
naviiez	2
laviiez	2
duc	2
mot	2
avrat	2
navrat	2
lavrat	2
viron	2
encoste	2
volantier	2
estïons	2
nestïons	2
lestïons	2
éusse	2
néusse	2
léusse	2
céans	2
aurois	2
naurois	2
laurois	2
longes	2
iluc	2
nesune	2
eins	2
iusqu	2
luj	2
partot	2
dever	2
chescuns	2
sarez	2
içaus	2
comfaiz	2
entourz	2
eurent	2
neurent	2
leurent	2
heus	2
senpres	2
esteroiz	2
nesteroiz	2
lesteroiz	2
avron	2
navron	2
lavron	2
fussons	2
hari	2
quiel	2
estrait	2
sai	2
ous	2
toutevois	2
toutevoie	2
ouz	2
enprès	2
donqes	2
cestuy	2
mius	2
heteia	2
volunters	2
voluntiers	2
pordevant	2
areis	2
divai	2
nan	2
plusour	2
illucques	2
ainzsois	2
demen	2
fuse	2
maul	2
laisus	2
moimes	2
quam	2
ileques	2
sarons	2
jusquez	2
çois	2
adens	2
cu	2
desquels	2
contr	2
doncques	2
qieu	2
conm	2
chasc	2
tempre	2
cilz	2
﻿partout	2
serom	2
chacune	2
cens	2
auroie	2
nauroie	2
lauroie	2
teile	2
laians	2
tretuit	2
nu	2
﻿parmi	2
teis	2
lesques	2
quelconke	2
pau	2
aveiens	2
naveiens	2
laveiens	2
laanz	2
elx	2
fussoient	2
ales	2
çue	2
quamque	2
darrier	2
queis	2
icales	2
fuit	2
averoient	2
naveroient	2
laveroient	2
mienz	2
quaque	2
awuec	2
outremeir	2
arreis	2
summes	2
soent	2
quarante	2
pardevers	2
ille	2
doudit	2
dudit	2
moyns	2
hait	2
luy	2
quauque	2
ceaul	2
cuy	2
havons	2
encour	2
auxi	2
audit	2
havoit	2
cai	2
çals	2
lidit	2
durant	2
onquore	2
aveucques	2
aussit	2
duques	2
io	2
iest	2
niest	2
liest	2
auez	2
nauez	2
lauez	2
ius	2
enuiron	2
permi	2
peis	2
auuec	2
avoecques	1
entesmes	1
autantes	1
gierres	1
avriens	1
navriens	1
lavriens	1
antemes	1
altresi	1
anjusqu	1
serions	1
neporcant	1
naut	1
laut	1
presant	1
dedainz	1
etes	1
netes	1
letes	1
coimment	1
illocques	1
qancq	1
cela	1
parverse	1
andormoit	1
oinques	1
ain	1
viaus	1
poir	1
iluecques	1
hores	1
emsenble	1
naiant	1
contreporter	1
encontr	1
eussient	1
neussient	1
leussient	1
entrevoies	1
serei	1
harsoir	1
soavet	1
demi	1
enteimes	1
matinet	1
asoir	1
enjusq	1
avecqes	1
poinz	1
corz	1
desou	1
antradeus	1
entrementes	1
euls	1
avot	1
navot	1
lavot	1
awan	1
chels	1
aspre	1
quancqe	1
orrendroit	1
entredeux	1
fuissient	1
oïsses	1
noïsses	1
loïsses	1
itot	1
leianz	1
itels	1
vainqi	1
hauz	1
aüsient	1
naüsient	1
laüsient	1
eüse	1
neüse	1
leüse	1
desseure	1
aüsiez	1
naüsiez	1
laüsiez	1
audeseure	1
anteimmes	1
neporhuec	1
elueces	1
nol	1
miout	1
aveqes	1
oreinz	1
sores	1
desores	1
loim	1
maudehait	1
antrevoies	1
seroi	1
eüt	1
neüt	1
leüt	1
darriés	1
aüsiens	1
naüsiens	1
laüsiens	1
nohauz	1
meaumes	1
fusient	1
desoures	1
adenz	1
entretant	1
dessi	1
biaus	1
feïsmes	1
plussors	1
tossistes	1
aüses	1
naüses	1
laüses	1
clers	1
amcui	1
nons	1
çant	1
biem	1
ancontr	1
oramdroit	1
iqi	1
cestuit	1
lainz	1
arierres	1
noienz	1
avoque	1
noztre	1
teuz	1
jaméz	1
avoons	1
navoons	1
lavoons	1
seraz	1
ainsize	1
arrere	1
toies	1
nez	1
vesci	1
fuist	1
certainez	1
hà	1
aucunnez	1
nautrui	1
fuissiemez	1
conmemt	1
asprés	1
itelz	1
autretelz	1
fumez	1
aapréz	1
soionz	1
asoz	1
maintenenant	1
tielz	1
ceulz	1
quiconquez	1
eissis	1
preuz	1
loins	1
feussent	1
reçurent	1
acunne	1
nulez	1
miene	1
sieies	1
ainssi	1
einsiz	1
lontenz	1
tienz	1
neans	1
chazcuns	1
chazcunz	1
esté	1
nesté	1
lesté	1
avait	1
navait	1
lavait	1
pourquant	1
miéz	1
serunt	1
encorrez	1
seuz	1
quelez	1
nestre	1
lestre	1
cois	1
jamaiz	1
jujons	1
ut	1
tormentent	1
conmunemenz	1
certainz	1
ausses	1
nausses	1
lausses	1
torejorz	1
parderriere	1
nequeden	1
malgrei	1
essi	1
porquoi	1
sieu	1
ause	1
nause	1
lause	1
despieça	1
seulemnt	1
meulz	1
enceis	1
arait	1
narait	1
larait	1
desqueles	1
autiex	1
tastons	1
çué	1
nuitantre	1
neporoec	1
porqant	1
anpreu	1
chaeles	1
aïe	1
enjusqu	1
andemantier	1
altant	1
quantque	1
ensinques	1
esteroie	1
nesteroie	1
lesteroie	1
andemantres	1
viax	1
vain	1
perriere	1
quainses	1
anteimes	1
guere	1
anpor	1
anmis	1
vert	1
tresque	1
sereiez	1
desriere	1
esterai	1
nesterai	1
lesterai	1
uimés	1
seroiez	1
aveuk	1
aiiés	1
naiiés	1
laiiés	1
ychils	1
ychi	1
enki	1
neantmoins	1
estant	1
nestant	1
lestant	1
quelquefois	1
hault	1
telles	1
obstant	1
lesquiex	1
eussiés	1
neussiés	1
leussiés	1
nulluy	1
ceci	1
toustemps	1
autex	1
cë	1
ouil	1
suy	1
yceux	1
ladicte	1
touteffois	1
aion	1
naion	1
laion	1
contrë	1
emmi	1
affin	1
essera	1
nessera	1
lessera	1
uimès	1
seréz	1
ceans	1
adoc	1
sut	1
ssi	1
soiomes	1
quiconqu	1
minus	1
ilnel	1
ins	1
coml	1
noïant	1
tretot	1
soromes	1
mesiïsme	1
ensorquetout	1
sé	1
endemetiers	1
nesuns	1
chaucuns	1
çi	1
malemet	1
suimes	1
ieres	1
nieres	1
lieres	1
lent	1
trestaus	1
eres	1
neres	1
leres	1
mantenant	1
menor	1
sle	1
devat	1
nesl	1
plusur	1
avium	1
navium	1
lavium	1
eient	1
leient	1
deske	1
fuissez	1
er	1
ure	1
encuntreval	1
serrum	1
öec	1
tue	1
maismes	1
eie	1
neie	1
leie	1
quanke	1
eis	1
vif	1
ensembl	1
quank	1
quis	1
sul	1
averun	1
naverun	1
laverun	1
süe	1
esteium	1
nesteium	1
lesteium	1
iloques	1
jameis	1
derire	1
suavet	1
piesça	1
meïme	1
ferm	1
sin	1
serreit	1
nepuroec	1
juste	1
nent	1
kil	1
esteit	1
nesteit	1
lesteit	1
ussez	1
nussez	1
lussez	1
teu	1
aliurs	1
esta	1
nesta	1
lesta	1
alsi	1
entresait	1
empriés	1
trestruit	1
rieng	1
daerrenier	1
auroies	1
nauroies	1
lauroies	1
daerrein	1
eincore	1
aurions	1
naurions	1
laurions	1
qil	1
aeurent	1
naeurent	1
laeurent	1
seré	1
quanqe	1
quielz	1
dementierres	1
dignemnent	1
despuis	1
confez	1
ses﻿	1
orez	1
helaz	1
plenieremnent	1
sume	1
essez	1
aez	1
naez	1
laez	1
mavaisseman	1
delé	1
avai	1
navai	1
lavai	1
mea	1
serrunt	1
den	1
iret	1
niret	1
liret	1
lun	1
in	1
reire	1
utre	1
avereit	1
navereit	1
lavereit	1
deskë	1
leez	1
nëant	1
ensun	1
enves	1
ues	1
iduc	1
humme	1
agui	1
ment	1
encontreval	1
preut	1
jeuns	1
entant	1
iamais	1
parquoy	1
altrui	1
sert	1
ensvers	1
pluxors	1
meus	1
ausic	1
noïent	1
maïnz	1
eneslepas	1
avroïie	1
navroïie	1
lavroïie	1
suix	1
soiiés	1
toudis	1
aitres	1
neu	1
grief	1
piz	1
nouauz	1
koi	1
nonpourquant	1
soul	1
poc	1
eh	1
moe	1
seriiez	1
ainsinques	1
lirot	1
souvant	1
navers	1
lavers	1
enkes	1
aeiz	1
naeiz	1
laeiz	1
unches	1
serat	1
ensemle	1
serruns	1
negul	1
iço	1
bein	1
volentirs	1
sent	1
ws	1
aukes	1
detries	1
miez	1
unnes	1
kum	1
trestute	1
ca	1
unchore	1
estrus	1
ust	1
nust	1
lust	1
deverrs	1
cumme	1
min	1
saés	1
num	1
usent	1
nusent	1
lusent	1
tiels	1
ne﻿	1
virun	1
ausinques	1
seie	1
nod	1
lod	1
solum	1
altri	1
autresis	1
soyez	1
icestui	1
entresci	1
nuli	1
huimez	1
às	1
volentier	1
decà	1
huis	1
jal	1
manois	1
uimais	1
trot	1
it	1
çaiens	1
seul	1
ensambe	1
fuïssent	1
aurïons	1
naurïons	1
laurïons	1
quans	1
fuissiens	1
fuissïens	1
etoit	1
netoit	1
letoit	1
séez	1
mestmes	1
cher	1
ainques	1
jert	1
denz	1
mjelz	1
empres	1
puius	1
suj	1
qan	1
1	1
jcj	1
ielluc	1
ital	1
certe	1
dedevant	1
fussant	1
aulz	1
oal	1
çauz	1
p	1
<>sus	1
ancontremont	1
dedesoz	1
gote	1
bn	1
oir	1
loinz	1
confet	1
maites	1
haus	1
sonn	1
pois	1
asés	1
desure	1
surre	1
menut	1
comfaite	1
fusiés	1
euse	1
neuse	1
leuse	1
isset	1
icet	1
parr	1
vessi	1
soume	1
duqu	1
arois	1
narois	1
larois	1
etre	1
pluisourz	1
ieste	1
nieste	1
lieste	1
aquan	1
itante	1
encontremont	1
avoions	1
navoions	1
lavoions	1
petite	1
ceil	1
estoiez	1
nestoiez	1
lestoiez	1
p<>s	1
tro	1
arllors	1
tal	1
pui	1
louquel	1
batant	1
issin	1
eusiens	1
neusiens	1
leusiens	1
erraumt	1
fussien	1
içaux	1
amolt	1
triers	1
laval	1
vre	1
legiers	1
longuemt	1
ilcil	1
soore	1
deh	1
prem<>	1
avantier	1
eusmes	1
neusmes	1
leusmes	1
antresque	1
neent	1
jostes	1
lié	1
legier	1
saie	1
toujorz	1
tretouz	1
comnent	1
torjorz	1
deriers	1
eztes	1
quanc	1
avré	1
navré	1
lavré	1
dejouste	1
trestoutes	1
seriemes	1
guaires	1
eüsmes	1
neüsmes	1
leüsmes	1
qels	1
ensuz	1
auteus	1
josté	1
tresqes	1
seions	1
atieus	1
moltes	1
einçoiz	1
﻿ses	1
peines	1
espor	1
vez	1
sertes	1
averom	1
naverom	1
laverom	1
oiz	1
noiz	1
loiz	1
noster	1
joe	1
saunz	1
voster	1
serait	1
bene	1
voluntieris	1
meuns	1
gent	1
devaunt	1
seez	1
neni	1
antn	1
entresi	1
avïés	1
navïés	1
lavïés	1
forst	1
mauleant	1
aisi	1
saroie	1
desorz	1
alas	1
ennuit	1
sum	1
saras	1
arez	1
narez	1
larez	1
ovecques	1
archant	1
alquant	1
anrai	1
nanrai	1
lanrai	1
mentem	1
tont	1
genoilons	1
eluic	1
ourons	1
nourons	1
lourons	1
estet	1
nestet	1
lestet	1
melle	1
pelle	1
anvirons	1
deçai	1
togor	1
aiz	1
auré	1
nauré	1
lauré	1
saira	1
arons	1
narons	1
larons	1
qne	1
mervoiles	1
sarois	1
laisuis	1
méimes	1
velontiers	1
desol	1
aüssent	1
naüssent	1
laüssent	1
dooz	1
matim	1
her	1
sors	1
éusent	1
néusent	1
léusent	1
ill	1
este	1
éusint	1
néusint	1
léusint	1
aurais	1
naurais	1
laurais	1
meitenant	1
estai	1
aparmain	1
pluis	1
éuse	1
néuse	1
léuse	1
icis	1
cestu	1
liqués	1
loint	1
totz	1
pieçai	1
cut	1
gimais	1
ginais	1
piec	1
antrecique	1
soint	1
tresto	1
desures	1
ansit	1
arreres	1
quamqu	1
soien	1
auz	1
soïmen	1
outent	1
noutent	1
loutent	1
just	1
mentes	1
asanble	1
illucque	1
oue	1
ças	1
devez	1
cestut	1
atan	1
bem	1
nier	1
lier	1
ausquels	1
avesques	1
moz	1
comunemenz	1
null	1
autruis	1
nanil	1
monz	1
moutes	1
issint	1
qeus	1
voiant	1
ausitost	1
qeu	1
esqueles	1
autremenz	1
issinc	1
mare	1
qes	1
onces	1
ceens	1
fusces	1
fuisent	1
nisun	1
ades	1
aves	1
naves	1
laves	1
ichi	1
pos	1
chist	1
sà	1
piesa	1
nés	1
eiz	1
encemble	1
chiez	1
enchiez	1
iteiz	1
autrefois	1
voiz	1
ainsin	1
ilecques	1
mau	1
icete	1
geu	1
volentieirs	1
gramnent	1
ensom	1
enverz	1
quiels	1
qanqe	1
vein	1
fussions	1
piuz	1
deleis	1
nor	1
keis	1
bons	1
tanpre	1
treskait	1
errier	1
liquels	1
duskes	1
cils	1
juskies	1
cascunne	1
cascune	1
priés	1
preuc	1
misme	1
dedant	1
teux	1
sap	1
aun	1
naun	1
laun	1
setot	1
pluisours	1
laquez	1
asonc	1
auteil	1
quiquionques	1
miaus	1
sonmes	1
arrés	1
soiins	1
avo	1
aprei	1
eussiens	1
neussiens	1
leussiens	1
chascon	1
cw	1
forz	1
achun	1
auchune	1
dun	1
dune	1
desriers	1
avoir	1
navoir	1
lavoir	1
saul	1
contres	1
meintenent	1
enqui	1
telx	1
celst	1
meime	1
enjusquez	1
alleu	1
chescum	1
chascum	1
muy	1
arrez	1
sal	1
autes	1
avoe	1
navoe	1
lavoe	1
aiient	1
naiient	1
laiient	1
àdes	1
acunes	1
fuiz	1
deuz	1
à 	1
quelcunque	1
suns	1
cialz	1
parmei	1
oun	1
ainsois	1
londemain	1
quan que	1
ailors	1
averons	1
naverons	1
laverons	1
deleiz	1
kele	1
enci	1
queiles	1
quelcunke	1
alles	1
altretant	1
celee	1
anedroit	1
ceous	1
laenz	1
averoe	1
naveroe	1
laveroe	1
ancuns	1
ciste	1
allours	1
ensiz	1
suenne	1
arris	1
ancoir	1
ceront	1
dezques	1
seret	1
niens	1
parmé	1
moiez	1
apré	1
anver	1
quecunque	1
fusseint	1
quicunques	1
quicunque	1
ycelle	1
meaux	1
eaux	1
ung	1
doin	1
insinc	1
einsois	1
eos	1
cen	1
chaqun	1
deireichepf	1
porquei	1
iadis	1
chaqune	1
auqunes	1
seigont	1
quey	1
seens	1
aveient	1
naveient	1
laveient	1
ceite	1
ausient	1
nausient	1
lausient	1
estient	1
nestient	1
lestient	1
quieux	1
havront	1
sic	1
iceluy	1
hoz	1
hahust	1
lonctemps	1
deçay	1
delay	1
fours	1
surs	1
ycelles	1
quelles	1
hy	1
seye	1
segont	1
havant	1
saulz	1
moime	1
saroient	1
chescunz	1
atres	1
chaqu	1
ceoz	1
averiens	1
naveriens	1
laveriens	1
jamas	1
rienns	1
encort	1
avoiet	1
navoiet	1
lavoiet	1
insi	1
lesdites	1
eüssons	1
neüssons	1
leüssons	1
puor	1
cetera	1
exceptez	1
chius	1
icheli	1
ichelui	1
quantqu	1
heussez	1
commme	1
seli	1
volonters	1
doisci	1
uoir	1
auoc	1
ainces	1
aure	1
naure	1
laure	1
checune	1
aroi	1
naroi	1
laroi	1
avraie	1
navraie	1
lavraie	1
uers	1
notrẽ	1
aues	1
naues	1
laues	1
los	1
autreteil	1
